episode,reward,moving_avg,epsilon,steps
1,-1.4400,-1.4400,0.8955,236
2,-2.6000,-2.0200,0.8910,240
3,-2.4500,-2.1633,0.8866,255
4,-0.1800,-1.6675,0.8821,242
5,-0.4000,-1.4140,0.8777,220
6,-2.1800,-1.5417,0.8733,282
7,-0.3300,-1.3686,0.8690,227
8,-2.7800,-1.5450,0.8646,222
9,-1.6500,-1.5567,0.8603,215
10,-1.3400,-1.5350,0.8560,246
11,-0.6200,-1.4518,0.8517,198
12,6.4800,-0.7908,0.8475,188
13,-2.8900,-0.9523,0.8432,211
14,-1.6800,-1.0043,0.8390,212
15,-0.3500,-0.9607,0.8348,225
16,6.4000,-0.5006,0.8306,280
17,-1.5500,-0.5624,0.8265,225
18,-0.1700,-0.5406,0.8224,243
19,-1.5200,-0.5921,0.8182,228
20,-1.6100,-0.6430,0.8141,219
21,7.5300,-0.2538,0.8101,193
22,0.0200,-0.2414,0.8060,262
23,-2.8000,-0.3526,0.8020,220
24,-1.5100,-0.4008,0.7980,229
25,-1.6400,-0.4504,0.7940,216
26,-2.8200,-0.5056,0.7900,218
27,5.8100,-0.1692,0.7861,221
28,-2.6000,-0.1752,0.7821,240
29,-2.5700,-0.2708,0.7782,243
30,-0.2600,-0.2652,0.7743,234
31,0.1500,-0.1720,0.7705,275
32,0.1900,-0.1512,0.7666,279
33,6.3200,0.2128,0.7628,272
34,-2.9200,0.1620,0.7590,208
35,6.2500,0.4656,0.7552,265
36,-1.1300,0.4452,0.7514,267
37,-1.5300,0.1248,0.7476,227
38,-1.4400,0.1828,0.7439,236
39,-2.3400,0.1564,0.7402,266
40,-1.3800,0.1152,0.7365,242
41,-0.9600,-0.1792,0.7328,284
42,-1.7700,-0.1880,0.7291,203
43,-2.7600,-0.2916,0.7255,224
44,-1.6100,-0.2952,0.7219,219
45,-2.9700,-0.3496,0.7183,203
46,6.6900,-0.3832,0.7147,209
47,-1.2300,-0.4332,0.7111,257
48,-1.6100,-0.3856,0.7075,219
49,5.7800,-0.0940,0.7040,218
50,7.1600,0.2580,0.7005,256
51,0.0200,0.3716,0.6970,262
52,-1.6900,0.0716,0.6935,211
53,-0.4100,0.1592,0.6900,219
54,-0.5100,0.2416,0.6866,209
55,-2.5000,0.1520,0.6831,250
56,-1.0700,0.1032,0.6797,273
57,-2.6400,-0.0100,0.6763,236
58,-2.4700,-0.3616,0.6729,253
59,-2.5800,-0.3480,0.6696,242
60,-1.6300,-0.6632,0.6662,217
61,-2.8600,-0.7324,0.6629,214
62,-1.6600,-0.7376,0.6596,214
63,-1.4900,-0.7396,0.6563,231
64,-2.9400,-0.7636,0.6530,206
65,-2.5200,-0.8092,0.6497,248
66,-0.2000,-0.7788,0.6465,240
67,6.8700,-0.4332,0.6433,227
68,-2.0200,-0.4036,0.6400,178
69,-0.5400,-0.3608,0.6368,206
70,-0.5500,-0.2640,0.6337,205
71,5.4700,-0.3128,0.6305,187
72,-0.5200,-0.2844,0.6273,208
73,-1.6000,-0.2840,0.6242,220
74,-1.7100,-0.5836,0.6211,209
75,-1.2100,-0.9184,0.6180,259
76,-1.7500,-0.9892,0.6149,205
77,-1.5900,-0.9852,0.6118,221
78,-1.6100,-1.0332,0.6088,219
79,-1.7900,-1.0844,0.6057,201
80,-1.5100,-1.0448,0.6027,229
81,-0.2500,-1.0120,0.5997,235
82,-1.7800,-0.9776,0.5967,202
83,-0.6700,-0.9056,0.5937,193
84,-0.5000,-0.8224,0.5907,210
85,-0.0400,-0.7588,0.5878,256
86,6.1400,-0.3988,0.5848,254
87,-1.7700,-0.4032,0.5819,203
88,-2.8300,-0.4568,0.5790,217
89,7.7700,-0.0284,0.5761,217
90,-2.8600,-0.0420,0.5732,214
91,7.4400,0.2636,0.5704,184
92,0.0400,-0.0096,0.5675,264
93,-0.4900,0.0516,0.5647,211
94,-1.7700,0.0024,0.5618,203
95,-1.1500,-0.0216,0.5590,265
96,-1.7900,-0.3120,0.5562,201
97,-1.9400,-0.3688,0.5535,186
98,-2.8200,-0.4176,0.5507,218
99,-1.4200,-0.4060,0.5479,238
100,-3.1400,-0.4832,0.5452,186
101,-1.5800,-0.4764,0.5425,222
102,-2.9600,-0.5312,0.5398,204
103,-0.7300,-0.4960,0.5371,187
104,-1.7300,-0.4936,0.5344,207
105,-1.7000,-0.5012,0.5317,210
106,-2.8500,-0.6052,0.5290,215
107,-0.5200,-0.5548,0.5264,208
108,-0.2800,-0.5392,0.5238,232
109,0.1700,-0.5124,0.5211,277
110,-2.9800,-0.6300,0.5185,202
111,6.6600,-0.6092,0.5159,206
112,-0.5000,-0.5584,0.5134,210
113,-1.7100,-0.5136,0.5108,209
114,-1.8400,-0.8980,0.5082,196
115,-1.7100,-0.8520,0.5057,209
116,-2.7500,-1.2596,0.5032,225
117,-2.9600,-1.3796,0.5007,204
118,-2.8300,-1.4732,0.4982,217
119,-2.4600,-1.5008,0.4957,254
120,-1.7900,-1.5264,0.4932,201
121,-2.6500,-1.5608,0.4907,235
122,-1.3600,-1.5376,0.4883,244
123,-1.6700,-1.4916,0.4858,213
124,6.1500,-1.1888,0.4834,255
125,-2.4700,-1.1620,0.4810,253
126,-0.6100,-1.1232,0.4786,199
127,-0.0200,-1.0056,0.4762,258
128,5.8700,-0.7416,0.4738,227
129,-0.6700,-0.6992,0.4714,193
130,-0.5700,-0.6540,0.4691,203
131,0.1300,-0.5348,0.4667,273
132,-1.5500,-0.5760,0.4644,225
133,-0.1600,-0.5712,0.4621,244
134,-1.5000,-0.6380,0.4598,230
135,-0.2100,-0.5272,0.4575,239
136,7.1800,-0.5064,0.4552,158
137,-0.0200,-0.4872,0.4529,258
138,-0.2300,-0.4280,0.4506,237
139,-1.7500,-0.4244,0.4484,205
140,-1.2600,-0.4064,0.4461,254
141,6.6600,-0.0300,0.4439,306
142,-0.6800,0.0612,0.4417,192
143,5.8900,0.4100,0.4395,229
144,-1.9100,0.4320,0.4373,189
145,-1.5100,0.4432,0.4351,229
146,-0.2000,0.5412,0.4329,240
147,-0.3000,0.5836,0.4308,230
148,-0.4000,0.6344,0.4286,220
149,-1.6800,0.3212,0.4265,212
150,-0.6200,0.3952,0.4243,198
151,-2.3000,0.3276,0.4222,270
152,-0.4500,0.3104,0.4201,215
153,5.4600,0.2940,0.4180,186
154,-0.1900,0.3132,0.4159,241
155,7.6800,0.6432,0.4138,208
156,-0.7500,0.6080,0.4118,305
157,-1.3800,0.6148,0.4097,242
158,6.5400,0.8828,0.4077,294
159,-0.5700,0.9200,0.4056,203
160,-3.3000,0.7964,0.4036,170
161,6.0400,0.7508,0.4016,244
162,-2.7100,0.6432,0.3996,229
163,7.1200,0.9372,0.3976,152
164,-1.7600,0.9368,0.3956,204
165,-2.6900,0.8796,0.3936,231
166,-1.1600,0.5668,0.3916,264
167,-1.5300,0.5328,0.3897,227
168,-1.4700,0.2384,0.3877,233
169,6.5700,0.5776,0.3858,297
170,7.8700,0.9528,0.3839,227
171,-2.2100,0.8724,0.3819,279
172,5.7400,1.1140,0.3800,214
173,6.8100,1.4024,0.3781,221
174,6.2200,1.7184,0.3762,262
175,0.2800,1.7544,0.3744,288
176,0.3000,1.8584,0.3725,290
177,6.7700,2.1472,0.3706,317
178,-2.0400,1.8472,0.3688,296
179,-0.9800,1.8156,0.3669,282
180,-2.4400,1.4108,0.3651,256
181,-2.2700,1.3500,0.3633,273
182,0.1800,1.4124,0.3614,278
183,5.8000,1.3828,0.3596,220
184,-1.5400,1.3440,0.3578,296
185,-0.8700,1.4412,0.3561,293
186,-0.0800,1.1964,0.3543,252
187,-0.6300,1.2796,0.3525,317
188,-2.5200,0.8940,0.3507,248
189,-1.4600,0.9060,0.3490,234
190,0.1100,1.0180,0.3472,271
191,-0.2900,1.0528,0.3455,231
192,0.8600,1.1484,0.3438,346
193,-2.1000,1.1232,0.3421,290
194,-2.3600,0.7660,0.3403,264
195,0.5700,0.4740,0.3386,317
196,0.2100,0.5708,0.3370,281
197,-1.0400,0.2996,0.3353,276
198,-1.5400,-0.0344,0.3336,241
199,0.1100,-0.2788,0.3319,271
200,8.4000,0.0460,0.3303,280
201,0.2200,0.0428,0.3286,282
202,-0.6000,-0.2520,0.3270,200
203,7.1500,0.1156,0.3253,155
204,-1.1900,0.1072,0.3237,261
205,6.5200,0.4656,0.3221,292
206,0.2800,0.5676,0.3205,288
207,7.1800,0.8476,0.3189,158
208,-0.0500,0.6136,0.3173,255
209,-1.0100,0.6348,0.3157,279
210,-0.1700,0.6628,0.3141,243
211,-0.0300,0.6648,0.3125,257
212,-1.4600,0.6316,0.3110,234
213,7.1400,1.0180,0.3094,154
214,5.8200,1.3092,0.3079,222
215,-2.7300,1.1956,0.3063,227
216,0.3000,1.2192,0.3048,290
217,-2.7000,1.0768,0.3033,230
218,7.8400,1.4744,0.3018,224
219,-1.8100,1.4964,0.3003,199
220,7.1600,1.7600,0.2988,156
221,-0.5800,1.7284,0.2973,202
222,6.6500,2.0360,0.2958,205
223,-1.8800,2.0224,0.2943,192
224,-3.0000,1.8980,0.2928,200
225,-0.3400,1.5484,0.2914,226
226,-0.6400,1.5140,0.2899,196
227,-1.5200,1.4772,0.2885,228
228,-2.7600,1.0808,0.2870,224
229,6.0200,1.3692,0.2856,242
230,-1.0200,1.0676,0.2842,278
231,-0.3500,1.0424,0.2827,225
232,6.0300,0.9964,0.2813,243
233,-1.6900,0.9308,0.2799,211
234,5.9700,1.2100,0.2785,237
235,-1.8000,1.1448,0.2771,200
236,-2.6800,1.0388,0.2757,232
237,7.5400,1.3988,0.2744,194
238,-2.3100,1.0208,0.2730,269
239,7.6400,1.0936,0.2716,204
240,5.7300,1.4320,0.2703,213
241,-1.1400,1.3744,0.2689,266
242,7.8300,1.7956,0.2676,323
243,1.3800,1.5372,0.2662,398
244,-1.0400,1.5680,0.2649,276
245,-2.5000,1.1816,0.2636,250
246,-3.1900,1.0772,0.2623,181
247,-1.4400,0.7536,0.2609,236
248,-0.2300,0.8196,0.2596,237
249,7.7100,1.2480,0.2583,311
250,-0.7500,1.2316,0.2570,185
251,-1.7600,1.1868,0.2558,204
252,7.7100,1.5560,0.2545,211
253,-0.8300,1.6332,0.2532,297
254,-0.0000,1.3924,0.2519,260
255,-0.3200,1.4204,0.2507,228
256,6.3800,1.6896,0.2494,278
257,-0.4400,1.4308,0.2482,216
258,7.7800,1.8096,0.2469,218
259,7.1300,1.8560,0.2457,253
260,-0.6300,1.9028,0.2445,352
261,-0.4300,1.9928,0.2433,337
262,-2.0400,1.6096,0.2420,296
263,7.5800,2.0052,0.2408,198
264,6.6400,1.9652,0.2396,304
265,-0.5900,1.7124,0.2384,201
266,-1.6900,1.6904,0.2372,211
267,-0.6900,1.3496,0.2361,191
268,6.5500,1.5564,0.2349,295
269,-1.7600,1.5276,0.2337,204
270,7.6300,1.9328,0.2325,203
271,7.3600,2.3548,0.2314,276
272,0.0500,2.4144,0.2302,265
273,-0.3700,2.4088,0.2291,343
274,-1.2500,2.0504,0.2279,255
275,7.6200,2.3852,0.2268,202
276,-2.7300,2.3464,0.2256,227
277,-0.2400,2.0284,0.2245,236
278,-0.6400,2.0360,0.2234,196
279,-1.1200,1.9912,0.2223,268
280,0.2600,2.0144,0.2212,286
281,0.2100,1.7676,0.2201,281
282,-1.9000,1.7092,0.2190,385
283,0.4000,1.4140,0.2179,300
284,-2.5000,1.0288,0.2168,250
285,-1.1200,1.0092,0.2157,268
286,7.1000,1.3104,0.2146,150
287,7.2300,1.6812,0.2135,163
288,7.2400,1.6676,0.2125,164
289,7.2500,1.6920,0.2114,265
290,0.8400,1.7492,0.2103,344
291,7.3000,2.1088,0.2093,170
292,6.5800,2.3996,0.2082,298
293,7.4300,2.4348,0.2072,283
294,3.3300,2.6384,0.2062,273
295,7.2900,2.6248,0.2051,169
296,6.9300,2.6076,0.2041,233
297,6.5500,2.8676,0.2031,195
298,7.2900,3.1740,0.2021,169
299,-0.8700,3.1892,0.2011,293
300,0.2500,2.8944,0.2001,285
301,7.4900,3.3032,0.1991,189
302,0.1800,3.3200,0.1981,278
303,0.0800,3.3488,0.1971,268
304,8.0000,3.7136,0.1961,240
305,0.5500,3.7252,0.1951,315
306,-0.8000,3.6848,0.1941,300
307,8.0100,4.0812,0.1932,241
308,6.6700,4.3320,0.1922,307
309,5.3600,4.6464,0.1912,176
310,0.1100,4.6956,0.1903,271
311,-1.8800,4.3364,0.1893,312
312,0.6900,4.0748,0.1884,329
313,-2.2000,3.6972,0.1874,280
314,-1.9500,3.3292,0.1865,305
315,-1.2800,3.2444,0.1856,372
316,6.3600,3.2068,0.1846,276
317,6.7600,3.2140,0.1837,316
318,-2.1100,2.8324,0.1828,289
319,0.2900,2.7108,0.1819,289
320,-0.8300,2.3860,0.1810,417
321,-0.8000,2.0768,0.1801,300
322,0.8100,1.8472,0.1792,341
323,-0.9700,1.5168,0.1783,283
324,0.2700,1.5624,0.1774,287
325,-0.8000,1.5204,0.1765,180
326,6.5700,1.4836,0.1756,197
327,0.6000,1.5004,0.1747,320
328,0.4300,1.5144,0.1739,303
329,0.4300,1.2116,0.1730,303
330,-1.8200,1.1168,0.1721,198
331,-1.7000,1.0808,0.1713,210
332,-2.3300,0.6672,0.1704,267
333,-0.1000,0.3964,0.1696,250
334,5.5200,0.4028,0.1687,192
335,0.5100,0.4188,0.1679,366
336,8.1500,0.8200,0.1670,255
337,7.2700,1.0832,0.1662,267
338,-0.1800,1.1640,0.1654,362
339,-1.8600,1.1676,0.1645,314
340,8.2200,1.5476,0.1637,262
341,-2.4100,1.1968,0.1629,259
342,-1.4800,0.8672,0.1621,232
343,7.6600,1.2580,0.1613,206
344,0.0300,1.2476,0.1605,263
345,-0.9500,1.2428,0.1597,285
346,0.3100,1.2872,0.1589,291
347,-0.8800,1.2196,0.1581,292
348,-0.8500,1.2244,0.1573,295
349,-1.3500,1.1596,0.1565,245
350,7.7000,1.4996,0.1557,310
351,-0.8300,1.2036,0.1549,297
352,7.2000,1.4676,0.1542,160
353,-2.0500,1.3684,0.1534,175
354,-1.3500,1.2972,0.1526,245
355,-1.1300,1.3248,0.1519,267
356,7.3800,1.6880,0.1511,278
357,0.0800,1.7844,0.1503,388
358,6.2400,2.0380,0.1496,264
359,0.4200,1.8340,0.1488,302
360,0.9400,1.8512,0.1481,354
361,1.3900,1.5808,0.1474,464
362,0.6000,1.3140,0.1466,320
363,7.5600,1.6236,0.1459,196
364,-0.2700,1.6872,0.1452,353
365,-1.9600,1.2800,0.1444,304
366,-0.8500,1.3424,0.1437,325
367,7.2400,1.6912,0.1430,164
368,6.2700,1.6356,0.1423,267
369,1.5600,1.6968,0.1416,496
370,7.7100,2.0432,0.1409,211
371,0.5200,2.0516,0.1402,352
372,7.4400,2.3844,0.1395,284
373,-1.0700,2.3756,0.1388,273
374,-0.1800,2.4224,0.1381,362
375,0.5600,2.1368,0.1374,316
376,0.8700,2.2048,0.1367,347
377,7.1300,2.2020,0.1360,153
378,0.5200,2.3048,0.1353,312
379,0.0400,2.3604,0.1346,264
380,0.1900,2.4132,0.1340,279
381,6.0700,2.3608,0.1333,247
382,7.3600,2.6520,0.1326,176
383,-0.0000,2.4024,0.1320,380
384,7.5800,2.6888,0.1313,518
385,3.5000,2.7912,0.1307,600
386,-1.8000,2.6636,0.1300,320
387,7.7500,2.9496,0.1294,215
388,1.2100,2.6956,0.1287,381
389,-1.0800,2.6632,0.1281,272
390,0.5200,2.7624,0.1274,312
391,7.8600,3.1108,0.1268,406
392,0.5500,2.8432,0.1262,320
393,7.8800,2.9076,0.1255,228
394,7.0800,3.1284,0.1249,348
395,0.4500,2.8380,0.1243,305
396,7.5900,3.1208,0.1236,199
397,7.3200,3.1160,0.1230,172
398,0.0200,3.1596,0.1224,262
399,1.4400,3.2244,0.1218,404
400,7.8600,3.5164,0.1212,226
401,0.4600,3.5000,0.1206,426
402,-3.1600,3.0884,0.1200,184
403,0.5500,3.0896,0.1194,315
404,7.2300,3.3772,0.1188,163
405,-0.4600,3.3512,0.1182,214
406,-2.6100,3.0040,0.1176,239
407,0.2700,2.7204,0.1170,287
408,-1.0000,2.6804,0.1164,160
409,7.1800,2.6644,0.1158,158
410,-0.8500,2.4904,0.1153,175
411,-0.3100,2.5500,0.1147,229
412,-1.8900,2.1644,0.1141,191
413,-0.4700,2.0972,0.1135,213
414,6.7000,2.4084,0.1130,210
415,7.8200,2.7004,0.1124,222
416,8.0100,2.7064,0.1119,241
417,7.5100,2.9848,0.1113,191
418,7.8100,2.9820,0.1107,221
419,-0.4400,2.6812,0.1102,336
420,1.0100,2.7036,0.1096,361
421,0.5600,2.4224,0.1091,316
422,0.6000,2.1536,0.1085,325
423,-1.7100,2.0844,0.1080,209
424,7.5000,2.3268,0.1075,290
425,-0.6300,1.9872,0.1069,322
426,0.2300,1.9780,0.1064,283
427,-0.1500,2.0984,0.1059,245
428,7.5400,2.3780,0.1053,194
429,7.7700,2.3996,0.1048,222
430,-1.3400,2.3644,0.1043,246
431,7.0900,2.7524,0.1038,149
432,6.7700,3.0124,0.1032,217
433,7.1000,3.3364,0.1027,150
434,-0.7500,3.0192,0.1022,305
435,0.2800,3.0644,0.1017,288
436,8.2400,3.4064,0.1012,354
437,-1.1800,3.4348,0.1007,262
438,-3.1700,3.3268,0.1002,183
439,6.9700,3.3376,0.0997,237
440,7.0400,3.3064,0.0992,244
441,7.5600,3.2884,0.0987,196
442,0.9400,3.0256,0.0982,359
443,-0.2000,2.7052,0.0977,360
444,0.4500,2.7408,0.0972,305
445,7.1100,2.9848,0.0967,151
446,7.1100,3.2468,0.0962,151
447,6.6400,3.4884,0.0958,204
448,-0.9700,3.5180,0.0953,283
449,-1.3600,3.1636,0.0948,244
450,0.2200,3.1976,0.0943,282
451,-0.8100,3.1560,0.0939,299
452,0.4100,3.1784,0.0934,301
453,5.8700,3.1116,0.0929,227
454,-2.7100,2.6924,0.0925,229
455,-0.3000,2.7340,0.0920,230
456,-1.1800,2.4032,0.0915,262
457,7.5300,2.4336,0.0911,193
458,-0.6500,2.1236,0.0906,320
459,7.9700,2.4724,0.0902,237
460,0.2500,2.4712,0.0897,285
461,7.9600,2.4600,0.0893,236
462,7.3900,2.8028,0.0888,179
463,7.6000,3.2336,0.0884,200
464,7.9100,3.2712,0.0879,231
465,7.7500,3.2996,0.0875,215
466,-2.0500,2.9152,0.0871,315
467,6.3700,3.1324,0.0866,312
468,0.6000,3.1644,0.0862,320
469,7.7800,3.4576,0.0858,218
470,0.2800,3.1844,0.0853,288
471,6.4700,3.1588,0.0849,292
472,7.6000,3.1972,0.0845,200
473,6.3400,3.4896,0.0841,274
474,0.2800,3.5552,0.0836,303
475,7.7600,3.8568,0.0832,216
476,7.4800,4.1884,0.0828,188
477,-0.3400,4.1584,0.0824,226
478,-1.0000,3.8836,0.0820,280
479,6.9000,4.2680,0.0816,230
480,0.2200,4.2888,0.0812,282
481,-1.3700,4.2812,0.0808,243
482,-2.2000,3.8920,0.0803,280
483,-1.8900,3.8424,0.0799,191
484,5.8500,3.7576,0.0795,225
485,6.0000,3.9876,0.0791,240
486,-0.9000,3.6332,0.0788,170
487,-2.8800,3.2224,0.0784,212
488,-0.2400,2.9088,0.0780,236
489,7.9000,2.9084,0.0776,315
490,-0.0400,2.5968,0.0772,256
491,-1.1200,2.6340,0.0768,268
492,8.0900,2.7028,0.0764,249
493,8.1300,3.0040,0.0760,253
494,8.1200,3.0176,0.0757,252
495,8.1000,3.3304,0.0753,250
496,-2.0700,2.9888,0.0749,363
497,-2.3300,2.5916,0.0745,267
498,0.0600,2.3404,0.0742,266
499,-0.5600,2.3068,0.0738,329
500,-2.6500,1.8904,0.0734,235
501,-0.9400,1.5536,0.0730,286
502,-1.1000,1.5232,0.0727,270
503,0.7200,1.5920,0.0723,332
504,8.4700,1.6548,0.0720,397
505,6.3900,1.9016,0.0716,279
506,1.0100,1.9968,0.0712,361
507,1.0900,2.1284,0.0709,429
508,7.9500,2.5220,0.0705,235
509,-0.6400,2.2624,0.0702,361
510,7.6400,2.3280,0.0698,204
511,7.4000,2.6600,0.0695,180
512,7.6100,3.0796,0.0691,201
513,6.2700,3.3400,0.0688,267
514,0.9900,3.0636,0.0684,359
515,8.6900,3.4128,0.0681,309
516,7.6000,3.7616,0.0678,200
517,7.9400,3.7556,0.0674,299
518,-0.1800,3.4232,0.0671,242
519,-2.3800,3.0032,0.0667,262
520,-0.8500,2.6452,0.0664,175
521,-1.8000,2.6560,0.0661,200
522,-0.6800,2.7220,0.0657,312
523,-2.5300,2.6184,0.0654,247
524,-1.3200,2.5880,0.0651,248
525,6.7000,2.9620,0.0648,210
526,0.2700,3.0104,0.0644,287
527,0.2500,3.0644,0.0641,285
528,-0.5600,3.0132,0.0638,324
529,0.4500,2.6924,0.0635,305
530,0.7400,2.4664,0.0632,334
531,0.2600,2.4364,0.0628,286
532,7.0700,2.6756,0.0625,147
533,7.1900,2.6452,0.0622,159
534,0.6600,2.6972,0.0619,326
535,0.6400,2.4172,0.0616,324
536,7.1800,2.4084,0.0613,158
537,0.3800,2.1192,0.0610,298
538,-1.0900,1.8248,0.0607,271
539,-1.9800,1.7060,0.0604,302
540,7.0600,1.6408,0.0601,146
541,7.2500,1.6268,0.0598,165
542,7.3500,1.6032,0.0595,395
543,4.1000,1.7744,0.0592,600
544,0.1900,1.8772,0.0589,279
545,0.9300,1.9484,0.0586,353
546,-2.4500,1.9224,0.0583,255
547,-2.2200,1.8608,0.0580,278
548,-1.5900,1.8984,0.0577,496
549,0.7400,1.9808,0.0574,334
550,7.8900,2.0284,0.0571,234
551,0.0100,2.0180,0.0569,261
552,-0.5200,1.9872,0.0566,328
553,7.4500,2.3076,0.0563,185
554,-0.3800,2.2744,0.0560,342
555,-0.4500,2.2268,0.0557,315
556,-0.5400,2.1948,0.0554,206
557,7.3400,2.2056,0.0552,174
558,7.2100,2.2064,0.0549,161
559,7.1700,2.4668,0.0546,157
560,7.0800,2.7244,0.0543,148
561,8.8300,2.7904,0.0541,323
562,7.3900,3.0708,0.0538,179
563,7.4100,3.4108,0.0535,181
564,8.4000,3.8260,0.0533,600
565,8.1000,3.8676,0.0530,350
566,0.4100,3.5940,0.0527,301
567,-0.7200,3.2712,0.0525,308
568,0.6300,3.1324,0.0522,323
569,0.5000,3.1448,0.0519,310
570,0.6900,3.1352,0.0517,329
571,-1.4300,3.1760,0.0514,357
572,7.4100,3.5612,0.0512,181
573,7.4300,3.9220,0.0509,183
574,0.5600,3.9148,0.0507,316
575,-2.0200,3.5184,0.0504,298
576,0.6100,3.5424,0.0502,321
577,0.8300,3.5964,0.0500,488
578,7.4000,3.5944,0.0500,180
579,7.2800,3.9008,0.0500,168
580,0.0800,3.9220,0.0500,268
581,7.7700,4.2544,0.0500,217
582,0.5100,3.9812,0.0500,311
583,-0.2000,3.6848,0.0500,375
584,0.4300,3.4152,0.0500,303
585,-1.3000,3.0800,0.0500,250
586,0.9000,2.7628,0.0500,350
587,0.0100,2.4676,0.0500,261
588,7.0800,2.4544,0.0500,148
589,-1.6800,2.0512,0.0500,332
590,-2.4000,1.6312,0.0500,260
591,-0.2700,1.6040,0.0500,353
592,7.0200,1.9136,0.0500,142
593,0.5000,1.9084,0.0500,310
594,7.4300,2.1856,0.0500,183
595,7.5000,2.4580,0.0500,190
596,-1.7200,2.4464,0.0500,208
597,-2.5200,2.0492,0.0500,248
598,0.0400,1.7536,0.0500,384
599,-2.3900,1.6356,0.0500,261
600,-0.1700,1.7096,0.0500,243
601,-2.5700,1.5824,0.0500,243
602,-2.7600,1.4388,0.0500,224
603,0.2400,1.1524,0.0500,284
604,0.2000,0.8692,0.0500,280
605,-1.4300,0.8088,0.0500,237
606,7.3400,0.7916,0.0500,174
607,6.8100,1.0436,0.0500,221
608,6.6700,1.3184,0.0500,207
609,7.0200,1.5820,0.0500,142
610,0.0900,1.6376,0.0500,269
611,0.0100,1.6020,0.0500,261
612,7.2800,1.8928,0.0500,168
613,8.1900,1.9372,0.0500,264
614,-1.7100,1.9360,0.0500,209
615,-2.5600,1.9296,0.0500,244
616,-1.6800,1.8732,0.0500,212
617,-2.1800,1.5052,0.0500,287
618,6.9800,1.7644,0.0500,138
619,6.1900,1.7148,0.0500,259
620,7.0200,1.6956,0.0500,142
621,7.0200,2.0452,0.0500,142
622,-2.7000,2.0380,0.0500,230
623,0.6800,2.0636,0.0500,333
624,-2.3300,2.0660,0.0500,267
625,6.4000,2.3288,0.0500,280
626,7.7600,2.7420,0.0500,221
627,1.0500,2.8944,0.0500,365
628,7.0100,3.1652,0.0500,141
629,7.0800,3.4404,0.0500,148
630,7.0800,3.7808,0.0500,148
631,-0.1100,3.4828,0.0500,249
632,7.2500,3.5004,0.0500,165
633,7.1300,3.5188,0.0500,153
634,7.0200,3.5188,0.0500,142
635,7.0700,3.7980,0.0500,147
636,7.0800,4.0808,0.0500,148
637,7.1600,4.0760,0.0500,156
638,7.8400,4.0620,0.0500,224
639,-0.3600,4.1160,0.0500,224
640,-0.1400,4.2128,0.0500,246
641,7.1400,4.5656,0.0500,154
642,7.0400,4.9344,0.0500,144
643,-0.3500,4.6412,0.0500,225
644,0.0300,4.3948,0.0500,263
645,0.3700,4.1288,0.0500,297
646,7.1600,4.1344,0.0500,156
647,7.0300,4.5236,0.0500,143
648,7.0100,4.7768,0.0500,141
649,7.1500,5.1560,0.0500,155
650,7.0300,5.1812,0.0500,143
651,-0.1700,4.8640,0.0500,243
652,7.0200,5.1028,0.0500,142
653,7.1800,5.1096,0.0500,158
654,7.1500,5.1124,0.0500,155
655,7.1700,5.1160,0.0500,157
656,7.1400,5.4060,0.0500,154
657,7.6600,5.4224,0.0500,206
658,0.7100,5.1656,0.0500,336
659,7.1100,5.1692,0.0500,151
660,7.1200,5.1712,0.0500,152
661,7.1900,5.1756,0.0500,159
662,7.1500,5.1752,0.0500,155
663,7.1400,5.1472,0.0500,154
664,7.0200,5.4424,0.0500,142
665,7.2600,5.7384,0.0500,166
666,7.6600,5.7592,0.0500,211
667,-0.1600,5.4712,0.0500,244
668,7.0300,5.7664,0.0500,143
669,5.8800,6.0004,0.0500,228
670,-0.1300,5.9804,0.0500,247
671,7.1600,5.9804,0.0500,156
672,5.8200,5.9320,0.0500,222
673,7.0200,5.9324,0.0500,142
674,7.0300,5.9276,0.0500,143
675,7.0600,5.9288,0.0500,146
676,7.5200,6.2364,0.0500,192
677,7.5400,6.2572,0.0500,199
678,-0.9300,5.9328,0.0500,287
679,-0.9900,5.6072,0.0500,281
680,8.2100,5.6488,0.0500,261
681,-1.2200,5.3144,0.0500,258
682,-1.4400,4.9504,0.0500,236
683,-2.4300,4.8248,0.0500,257
684,-1.6800,4.4732,0.0500,212
685,-1.1200,4.1436,0.0500,268
686,7.4600,4.1544,0.0500,196
687,-2.4100,3.7720,0.0500,259
688,-1.7700,3.4156,0.0500,323
689,6.8300,3.4080,0.0500,223
690,7.0900,3.4012,0.0500,149
691,7.0800,3.3780,0.0500,148
692,7.1100,3.6688,0.0500,151
693,7.1000,3.6716,0.0500,150
694,7.4900,3.7360,0.0500,189
695,-0.1700,3.7344,0.0500,243
696,7.0900,3.7316,0.0500,149
697,7.0900,3.7824,0.0500,149
698,5.8200,3.7344,0.0500,222
699,-0.1500,3.4472,0.0500,245
700,0.2100,3.1732,0.0500,281
701,0.1300,2.8776,0.0500,273
702,-1.1500,2.5300,0.0500,265
703,-1.9200,2.4904,0.0500,188
704,7.0900,2.8136,0.0500,149
705,-1.5200,2.4244,0.0500,228
706,7.0900,2.7568,0.0500,149
707,-1.5500,2.7524,0.0500,225
708,7.2100,3.1380,0.0500,161
709,-0.3500,3.1912,0.0500,225
710,-0.3600,3.2216,0.0500,224
711,-0.1200,2.9184,0.0500,248
712,-0.3700,3.0000,0.0500,343
713,6.1700,3.3176,0.0500,257
714,-1.2000,2.9964,0.0500,260
715,0.2500,2.7228,0.0500,405
716,7.0800,2.7228,0.0500,148
717,7.4900,2.7380,0.0500,189
718,-1.5600,2.3916,0.0500,224
719,7.4300,2.3892,0.0500,183
720,-0.1800,2.3888,0.0500,242
721,-0.1100,2.1008,0.0500,249
722,6.6000,2.0812,0.0500,200
723,7.0900,2.1320,0.0500,149
724,0.0300,2.1392,0.0500,263
725,7.0700,2.4136,0.0500,147
726,-1.6900,2.3408,0.0500,211
727,-1.5100,2.3264,0.0500,229
728,-1.3200,2.3504,0.0500,248
729,-0.7100,2.0384,0.0500,349
730,7.2500,2.3892,0.0500,165
731,7.4100,2.4020,0.0500,181
732,5.7500,2.6940,0.0500,515
733,0.7000,2.4336,0.0500,370
734,7.1200,2.7324,0.0500,152
735,-2.0900,2.6632,0.0500,171
736,-1.8900,2.5924,0.0500,191
737,-1.3700,2.5524,0.0500,243
738,-1.7700,2.2348,0.0500,203
739,5.7500,2.5128,0.0500,600
740,-1.7100,2.4344,0.0500,209
741,5.4900,2.3708,0.0500,189
742,1.4600,2.1296,0.0500,406
743,8.4000,2.5280,0.0500,600
744,3.2400,2.3604,0.0500,584
745,7.4900,2.6672,0.0500,189
746,0.0800,2.6748,0.0500,388
747,0.2000,2.4188,0.0500,280
748,7.0700,2.4180,0.0500,147
749,-2.2200,2.3280,0.0500,278
750,7.2800,2.3364,0.0500,168
751,8.1800,2.7312,0.0500,298
752,-0.4000,2.7756,0.0500,460
753,-1.1100,2.7840,0.0500,269
754,8.4000,3.1484,0.0500,380
755,7.4800,3.1576,0.0500,288
756,-0.0700,2.8584,0.0500,483
757,1.6600,2.6948,0.0500,426
758,-1.8900,2.5912,0.0500,191
759,8.4700,2.6452,0.0500,387
760,0.5500,2.7508,0.0500,315
761,7.8600,3.1408,0.0500,226
762,0.9700,3.2344,0.0500,357
763,0.1800,3.3124,0.0500,278
764,7.2700,3.3732,0.0500,167
765,-0.4800,3.4224,0.0500,332
766,7.3500,3.4968,0.0500,275
767,7.7900,3.7500,0.0500,319
768,7.1000,3.6980,0.0500,150
769,7.3700,3.8632,0.0500,277
770,7.2000,3.8516,0.0500,600
771,0.0300,3.8496,0.0500,263
772,7.4000,4.1376,0.0500,380
773,7.2000,4.1428,0.0500,160
774,9.0000,4.5916,0.0500,340
775,7.0900,4.5840,0.0500,149
776,7.4000,4.5528,0.0500,600
777,8.2000,4.8968,0.0500,260
778,6.1800,5.1884,0.0500,158
779,6.0300,5.0936,0.0500,143
780,7.4000,5.0904,0.0500,600
781,1.5200,5.1540,0.0500,532
782,-1.0100,5.0472,0.0500,279
783,0.3800,5.1380,0.0500,298
784,4.0000,4.9592,0.0500,600
785,-1.0000,4.8972,0.0500,160
786,-3.2100,4.4544,0.0500,179
787,-1.7300,4.3464,0.0500,207
788,-0.6500,4.3132,0.0500,195
789,-0.5200,4.0016,0.0500,208
790,-1.9100,3.9444,0.0500,189
791,1.0000,3.6904,0.0500,480
792,-1.9300,3.3016,0.0500,307
793,-1.4800,2.9584,0.0500,232
794,7.1400,2.9492,0.0500,154
795,7.5400,2.9628,0.0500,194
796,-1.5200,2.9008,0.0500,228
797,-2.3700,2.5100,0.0500,263
798,-1.0100,2.1816,0.0500,279
799,8.0500,2.1436,0.0500,245
800,-0.0600,1.8576,0.0500,374
801,1.0000,1.6016,0.0500,480
802,-0.9700,1.2348,0.0500,348
803,-3.0000,0.8676,0.0500,200
804,-0.0800,0.6232,0.0500,252
805,-2.9200,0.2104,0.0500,208
806,-1.8700,0.0748,0.0500,193
807,-1.7400,0.0456,0.0500,206
808,6.6300,0.2956,0.0500,363
809,-0.4400,0.1180,0.0500,216
810,-3.1300,0.0328,0.0500,187
811,0.2400,0.1708,0.0500,324
812,7.2500,0.5300,0.0500,165
813,6.3200,0.8088,0.0500,172
814,7.2400,1.1192,0.0500,164
815,0.1100,1.2000,0.0500,296
816,-0.4900,1.1404,0.0500,316
817,7.1400,1.5032,0.0500,154
818,0.0200,1.5632,0.0500,262
819,7.1700,1.5644,0.0500,157
820,-0.4700,1.2440,0.0500,213
821,-0.6700,1.2780,0.0500,193
822,-0.8400,1.3392,0.0500,176
823,7.0600,1.6620,0.0500,146
824,-0.8400,1.3064,0.0500,176
825,-1.6400,1.2432,0.0500,216
826,7.1000,1.4872,0.0500,150
827,7.2900,1.8176,0.0500,169
828,-0.1200,1.9328,0.0500,248
829,-0.2700,1.9252,0.0500,233
830,8.3000,2.3740,0.0500,270
831,-1.7900,2.3772,0.0500,321
832,7.3200,2.7396,0.0500,172
833,6.9500,2.7524,0.0500,235
834,7.3400,3.0636,0.0500,174
835,7.2000,3.4768,0.0500,160
836,-0.0000,3.4672,0.0500,260
837,7.2000,3.4652,0.0500,160
838,7.2400,3.5020,0.0500,164
839,0.5700,3.2352,0.0500,317
840,7.2300,3.5200,0.0500,163
841,7.3200,3.8324,0.0500,172
842,7.7400,3.8564,0.0500,314
843,7.2400,4.1452,0.0500,164
844,7.1300,4.1436,0.0500,153
845,7.4200,4.4592,0.0500,182
846,0.5800,4.5092,0.0500,318
847,6.5700,4.8056,0.0500,297
848,-1.6300,4.4580,0.0500,477
849,7.7500,4.8016,0.0500,215
850,5.9000,5.1032,0.0500,280
851,0.3600,4.8336,0.0500,441
852,-0.2300,4.5328,0.0500,442
853,7.4300,4.8348,0.0500,183
854,7.7300,5.1548,0.0500,313
855,4.5000,5.0028,0.0500,600
856,0.8700,5.1092,0.0500,442
857,0.5500,4.8384,0.0500,315
858,7.2700,4.8512,0.0500,267
859,8.7800,4.9088,0.0500,318
860,7.3700,4.9156,0.0500,177
861,7.4800,5.2148,0.0500,388
862,1.2100,4.9752,0.0500,501
863,7.8800,5.0008,0.0500,228
864,2.1000,5.0620,0.0500,470
865,-0.9200,4.7360,0.0500,288
866,-3.3500,4.3092,0.0500,165
867,-3.0700,3.8768,0.0500,193
868,1.3700,3.6420,0.0500,402
869,7.6900,3.6644,0.0500,309
870,8.5100,3.7080,0.0500,391
871,-1.7800,3.6136,0.0500,322
872,7.1400,3.6364,0.0500,154
873,7.4800,4.0008,0.0500,388
874,8.9700,4.0496,0.0500,337
875,8.1900,4.1412,0.0500,259
876,0.5900,4.1504,0.0500,319
877,8.6900,4.5072,0.0500,309
878,-1.3000,4.1580,0.0500,400
879,-1.6000,3.7848,0.0500,545
880,-1.5700,3.5420,0.0500,343
881,-1.1700,3.4604,0.0500,268
882,0.4100,3.4548,0.0500,301
883,-3.2600,3.0336,0.0500,174
884,-1.5800,2.6192,0.0500,222
885,0.0200,2.3252,0.0500,262
886,-2.2900,1.9344,0.0500,271
887,-1.8200,1.8132,0.0500,318
888,-1.6800,1.4308,0.0500,212
889,-3.1100,1.2224,0.0500,189
890,-1.3500,1.2052,0.0500,245
891,-1.0500,1.2972,0.0500,275
892,-0.8200,1.3872,0.0500,298
893,0.0200,1.3332,0.0500,262
894,-0.8300,0.9924,0.0500,297
895,-1.0500,0.6100,0.0500,275
896,-1.1000,0.6372,0.0500,270
897,-2.2300,0.2624,0.0500,397
898,-2.2600,-0.1272,0.0500,274
899,-2.1000,-0.5700,0.0500,290
900,-0.0600,-0.9000,0.0500,254
901,-3.2100,-1.0520,0.0500,344
902,-2.7600,-1.5100,0.0500,224
903,-2.6800,-1.5652,0.0500,232
904,-3.0200,-1.6220,0.0500,198
905,-2.8800,-1.6744,0.0500,212
906,-1.0400,-1.6692,0.0500,296
907,-1.4200,-1.7424,0.0500,238
908,-0.1500,-1.6180,0.0500,365
909,-2.2900,-1.6464,0.0500,271
910,-1.3800,-1.7024,0.0500,507
911,-1.1600,-1.6572,0.0500,384
912,-1.7100,-1.6528,0.0500,329
913,-1.0000,-1.6256,0.0500,280
914,-2.5700,-1.6040,0.0500,243
915,-0.5700,-1.5728,0.0500,323
916,0.5600,-1.5084,0.0500,316
917,-2.3100,-1.5680,0.0500,334
918,-0.2700,-1.5796,0.0500,353
919,-0.0700,-1.5492,0.0500,373
920,-2.3800,-1.6024,0.0500,262
921,-2.8000,-1.6704,0.0500,220
922,-1.3600,-1.6356,0.0500,244
923,-3.0400,-1.6668,0.0500,196
924,-0.6000,-1.6068,0.0500,320
925,0.6200,-1.5796,0.0500,322
926,-2.0400,-1.5328,0.0500,326
927,-1.4300,-1.4796,0.0500,397
928,-0.9900,-1.4120,0.0500,351
929,-1.9600,-1.3696,0.0500,539
930,-1.1100,-1.2988,0.0500,464
931,6.1000,-1.0132,0.0500,600
932,1.5000,-0.8964,0.0500,410
933,0.4900,-0.8708,0.0500,314
934,-0.5700,-0.8020,0.0500,323
935,-0.9600,-0.7852,0.0500,284
936,6.9500,-0.4608,0.0500,235
937,-0.0500,-0.3944,0.0500,255
938,-0.5900,-0.3780,0.0500,321
939,7.4800,0.0240,0.0500,188
940,0.1900,0.0544,0.0500,419
941,0.2100,0.0404,0.0500,281
942,7.1600,0.4192,0.0500,156
943,7.1600,0.7164,0.0500,156
944,-0.1800,0.7120,0.0500,242
945,7.8600,1.1216,0.0500,226
946,7.2300,1.5228,0.0500,263
947,6.4200,1.8340,0.0500,282
948,-0.6800,1.9284,0.0500,312
949,0.4500,1.9704,0.0500,305
950,7.1700,2.2324,0.0500,257
951,-1.3300,2.2608,0.0500,367
952,7.9000,2.6340,0.0500,230
953,-2.4900,2.5740,0.0500,251
954,7.0900,2.9360,0.0500,519
955,-1.4500,2.9224,0.0500,355
956,5.0000,2.8784,0.0500,600
957,0.5200,2.8392,0.0500,552
958,5.2000,3.0276,0.0500,600
959,0.7900,3.0820,0.0500,339
960,-1.2700,3.0696,0.0500,373
961,7.9100,3.1080,0.0500,231
962,4.8500,3.3040,0.0500,600
963,8.1600,3.6540,0.0500,356
964,7.2000,3.6428,0.0500,600
965,7.6200,3.9400,0.0500,202
966,-1.9500,3.8536,0.0500,355
967,2.7600,3.6776,0.0500,536
968,-0.3400,3.3776,0.0500,346
969,0.2000,3.3928,0.0500,430
970,-0.4400,3.0608,0.0500,216
971,7.2400,3.0612,0.0500,164
972,7.0500,3.0864,0.0500,145
973,7.1600,3.4000,0.0500,156
974,7.1700,3.6688,0.0500,157
975,6.0900,3.6256,0.0500,249
976,7.3100,3.9712,0.0500,171
977,0.4000,3.6712,0.0500,300
978,7.6800,4.0780,0.0500,208
979,7.8700,4.1092,0.0500,227
980,7.4000,4.4632,0.0500,180
981,7.4300,4.5604,0.0500,188
982,7.1800,4.8268,0.0500,158
983,7.1800,4.9060,0.0500,158
984,7.1600,5.1608,0.0500,156
985,-0.6200,5.1868,0.0500,353
986,2.8500,4.9844,0.0500,225
987,7.1700,5.0772,0.0500,157
988,-1.0200,4.7100,0.0500,278
989,7.6300,4.7272,0.0500,203
990,7.0800,4.7056,0.0500,148
991,7.3100,5.0760,0.0500,171
992,0.6300,4.9908,0.0500,323
993,4.2800,5.1756,0.0500,413
994,3.4000,5.3036,0.0500,600
995,7.1500,5.6072,0.0500,155
996,7.3100,5.6100,0.0500,171
997,7.2900,5.6196,0.0500,169
998,0.7400,5.3628,0.0500,334
999,7.3000,5.3680,0.0500,170
1000,7.2900,5.4160,0.0500,169
1001,7.2800,5.4148,0.0500,168
1002,7.1500,5.6848,0.0500,155
1003,7.0400,5.6592,0.0500,144
1004,7.3300,5.6376,0.0500,173
1005,-0.2200,5.3328,0.0500,238
1006,-0.5500,5.0136,0.0500,205
1007,-0.2800,4.7152,0.0500,352
1008,7.2600,4.7184,0.0500,166
1009,7.0300,4.7132,0.0500,143
1010,-1.1900,4.6904,0.0500,261
1011,7.1500,4.8624,0.0500,155
1012,7.1600,4.8620,0.0500,156
1013,6.6500,5.1688,0.0500,205
1014,7.3100,5.1560,0.0500,271
1015,7.0500,5.1548,0.0500,145
1016,7.1800,5.1496,0.0500,158
1017,6.1600,5.3708,0.0500,256
1018,-0.1900,5.1920,0.0500,241
1019,7.2800,5.3472,0.0500,168
1020,7.1400,5.3468,0.0500,154
1021,7.0400,5.3360,0.0500,144
1022,3.3000,5.1764,0.0500,600
1023,0.9600,5.1852,0.0500,531
1024,-1.5500,4.8312,0.0500,225
1025,-0.5200,4.5188,0.0500,208
1026,5.3100,4.4400,0.0500,171
1027,7.0700,4.4368,0.0500,147
1028,7.2900,4.4468,0.0500,169
1029,7.3100,4.4460,0.0500,171
1030,7.2500,4.7448,0.0500,165
1031,7.5200,5.0676,0.0500,192
1032,-0.0000,5.0788,0.0500,260
1033,-1.3700,4.7336,0.0500,243
1034,-0.3500,4.4384,0.0500,225
1035,0.1700,4.4928,0.0500,277
1036,6.4500,4.4648,0.0500,185
1037,-0.1800,4.1712,0.0500,242
1038,-1.3300,3.8520,0.0500,247
1039,0.2100,3.5680,0.0500,281
1040,7.3100,3.5784,0.0500,171
1041,-0.5200,3.2704,0.0500,208
1042,0.0100,3.0244,0.0500,261
1043,7.2000,3.3200,0.0500,160
1044,6.8200,3.3016,0.0500,222
1045,0.0300,3.0172,0.0500,263
1046,7.4800,3.0348,0.0500,188
1047,0.3700,2.9176,0.0500,297
1048,0.1800,2.8864,0.0500,278
1049,7.0600,3.2308,0.0500,146
1050,0.3600,3.2660,0.0500,296
1051,-0.1600,3.0472,0.0500,244
1052,-1.7400,2.6948,0.0500,206
1053,7.1900,2.6908,0.0500,159
1054,6.5700,2.6612,0.0500,297
1055,7.4800,2.6704,0.0500,188
1056,7.0600,2.6520,0.0500,146
1057,7.3100,2.9444,0.0500,171
1058,7.0500,3.2812,0.0500,145
1059,7.1800,3.5824,0.0500,158
1060,7.3200,3.8684,0.0500,172
1061,7.0600,3.8928,0.0500,146
1062,7.2700,4.1908,0.0500,167
1063,7.3400,4.5376,0.0500,174
1064,7.6700,4.8360,0.0500,207
1065,7.7000,4.8516,0.0500,210
1066,0.2600,4.8828,0.0500,286
1067,7.4900,5.1820,0.0500,189
1068,7.1800,5.1812,0.0500,158
1069,1.2900,4.9600,0.0500,389
1070,7.5700,5.2616,0.0500,197
1071,9.0500,5.3244,0.0500,350
1072,0.6100,5.3340,0.0500,321
1073,0.2600,5.3372,0.0500,286
1074,7.8900,5.3704,0.0500,229
1075,7.3800,5.6512,0.0500,178
1076,6.3600,5.9120,0.0500,276
1077,7.5100,6.2820,0.0500,191
1078,-0.4600,5.9760,0.0500,334
1079,-0.7800,5.6820,0.0500,302
1080,-2.0700,5.3000,0.0500,368
1081,0.3800,5.0328,0.0500,298
1082,7.6700,5.0472,0.0500,207
1083,-1.0000,4.7252,0.0500,280
1084,0.5600,4.4604,0.0500,316
1085,7.0700,4.4504,0.0500,147
1086,7.0600,4.4504,0.0500,146
1087,7.7000,4.4676,0.0500,210
1088,1.2900,4.2256,0.0500,549
1089,7.9300,4.2360,0.0500,333
1090,-0.1100,3.9236,0.0500,369
1091,8.1000,4.2372,0.0500,350
1092,0.7500,3.9676,0.0500,335
1093,7.2000,3.9684,0.0500,160
1094,7.1700,4.2036,0.0500,157
1095,7.5000,4.2008,0.0500,190
1096,6.2100,4.0872,0.0500,261
1097,-0.6700,4.0360,0.0500,353
1098,6.4000,4.2816,0.0500,600
1099,-2.5700,3.8632,0.0500,243
1100,7.7600,3.8784,0.0500,231
1101,7.6700,3.9308,0.0500,207
1102,-1.2400,3.5808,0.0500,336
1103,0.2300,3.6084,0.0500,283
1104,-1.8400,3.5660,0.0500,356
1105,-1.0100,3.6084,0.0500,279
1106,-1.5400,3.5316,0.0500,226
1107,-0.9500,3.1868,0.0500,405
1108,7.4900,3.5264,0.0500,189
1109,0.7100,3.5324,0.0500,331
1110,7.6300,3.5548,0.0500,203
1111,7.2000,3.5604,0.0500,160
1112,0.2000,3.2604,0.0500,280
1113,-1.0900,3.1652,0.0500,271
1114,6.5900,3.1116,0.0500,299
1115,0.5700,3.1388,0.0500,317
1116,0.2100,2.8232,0.0500,401
1117,-0.3400,2.7796,0.0500,521
1118,-1.6500,2.4256,0.0500,380
1119,7.8600,2.4532,0.0500,226
1120,-1.4900,2.0936,0.0500,386
1121,-1.7100,1.7768,0.0500,359
1122,0.3500,1.8176,0.0500,355
1123,7.1500,1.8476,0.0500,155
1124,0.1900,1.9580,0.0500,279
1125,-1.9000,1.5716,0.0500,190
1126,-1.8700,1.1900,0.0500,313
1127,-2.0400,1.1580,0.0500,296
1128,0.3600,1.1632,0.0500,296
1129,0.3700,1.2516,0.0500,297
1130,0.2000,1.3000,0.0500,280
1131,-0.8400,1.3280,0.0500,296
1132,0.2200,1.3748,0.0500,282
1133,-0.4800,1.0560,0.0500,332
1134,1.4600,1.0860,0.0500,406
1135,0.5500,0.8028,0.0500,315
1136,0.5500,0.5368,0.0500,315
1137,0.7400,0.5584,0.0500,334
1138,-0.2600,0.5916,0.0500,234
1139,-0.4900,0.3084,0.0500,211
1140,7.3000,0.5776,0.0500,170
1141,6.2200,0.8180,0.0500,162
1142,-1.4500,0.7736,0.0500,235
1143,7.0700,1.1224,0.0500,147
1144,-1.3300,0.7548,0.0500,247
1145,-0.0100,0.8140,0.0500,259
1146,6.0400,1.1240,0.0500,144
1147,6.0500,1.3520,0.0500,145
1148,-2.5800,0.9628,0.0500,242
1149,-0.3200,0.9424,0.0500,228
1150,7.5000,1.3184,0.0500,190
1151,7.3200,1.6860,0.0500,172
1152,6.3200,2.0204,0.0500,172
1153,6.2000,2.2540,0.0500,160
1154,-0.9800,2.2000,0.0500,372
1155,-0.2600,2.1816,0.0500,234
1156,-0.8800,2.1800,0.0500,292
1157,-0.9700,2.1324,0.0500,283
1158,-0.2700,2.1408,0.0500,233
1159,-2.6500,1.9764,0.0500,235
1160,-2.9700,1.8356,0.0500,203
1161,-3.1600,1.6872,0.0500,184
1162,0.0100,1.6580,0.0500,261
1163,-1.2100,1.6200,0.0500,259
1164,-2.5600,1.5372,0.0500,244
1165,7.4400,1.5428,0.0500,184
1166,6.7000,1.5620,0.0500,210
1167,6.3100,1.8724,0.0500,171
1168,6.4900,1.8492,0.0500,189
1169,0.3700,1.9172,0.0500,297
1170,6.4400,2.1752,0.0500,184
1171,0.2000,1.9416,0.0500,280
1172,-1.0400,1.6580,0.0500,276
1173,5.8900,1.9968,0.0500,229
1174,5.4100,2.2260,0.0500,181
1175,-0.1500,1.9200,0.0500,245
1176,-2.7200,1.5184,0.0500,228
1177,-1.3900,1.2100,0.0500,241
1178,-0.3500,0.9480,0.0500,225
1179,-1.4600,0.9288,0.0500,234
1180,7.2000,1.2272,0.0500,160
1181,5.5400,1.4840,0.0500,194
1182,-1.8000,1.4508,0.0500,200
1183,6.0000,1.7016,0.0500,240
1184,-0.5200,1.7868,0.0500,208
1185,-0.9700,1.8668,0.0500,283
1186,-0.3500,1.9792,0.0500,225
1187,6.7600,2.2492,0.0500,316
1188,7.0700,2.5804,0.0500,247
1189,-1.0000,2.6428,0.0500,280
1190,7.6100,2.6496,0.0500,201
1191,7.3000,2.6736,0.0500,225
1192,-1.9700,2.3424,0.0500,363
1193,-2.6000,1.9788,0.0500,240
1194,-0.6900,1.9364,0.0500,311
1195,-0.2100,1.6704,0.0500,359
1196,-0.9600,1.6240,0.0500,284
1197,-0.1400,1.6600,0.0500,416
1198,0.6800,1.4516,0.0500,328
1199,-1.9400,1.1576,0.0500,306
1200,7.3300,1.4568,0.0500,173
1201,-1.0600,1.5232,0.0500,274
1202,7.3500,1.8728,0.0500,175
1203,-2.6900,1.7792,0.0500,231
1204,0.6100,1.8620,0.0500,321
1205,-1.4900,1.5144,0.0500,356
1206,-0.6500,1.2668,0.0500,195
1207,-1.7300,1.2696,0.0500,207
1208,-0.0400,1.0280,0.0500,256
1209,6.1400,1.2944,0.0500,254
1210,9.0200,1.6940,0.0500,342
1211,-3.1100,1.5836,0.0500,524
1212,7.1700,1.6000,0.0500,157
1213,0.2600,1.3276,0.0500,371
1214,-0.6600,1.3412,0.0500,314
1215,7.6300,1.3420,0.0500,303
1216,7.1900,1.3376,0.0500,159
1217,-2.2000,1.3284,0.0500,280
1218,7.5300,1.7336,0.0500,193
1219,1.0900,1.8048,0.0500,369
1220,0.5500,1.8352,0.0500,315
1221,7.4800,2.1728,0.0500,188
1222,7.1600,2.4648,0.0500,156
1223,1.1000,2.4816,0.0500,370
1224,-0.1600,2.5528,0.0500,549
1225,-1.6600,2.1932,0.0500,334
1226,-2.4600,2.1372,0.0500,389
1227,-2.6000,1.7392,0.0500,515
1228,7.5100,2.1472,0.0500,191
1229,7.5900,2.4264,0.0500,354
1230,7.6400,2.7916,0.0500,204
1231,7.4500,3.1156,0.0500,185
1232,10.0800,3.5880,0.0500,448
1233,-0.9000,3.5536,0.0500,350
1234,2.8500,3.4220,0.0500,600
1235,7.1600,3.3476,0.0500,156
1236,5.8000,3.7040,0.0500,600
1237,7.4500,3.7152,0.0500,185
1238,2.7000,3.8128,0.0500,600
1239,10.1300,4.2444,0.0500,453
1240,5.2000,4.1472,0.0500,600
1241,7.4300,4.1568,0.0500,183
1242,7.1500,4.5308,0.0500,155
1243,7.5300,4.5308,0.0500,193
1244,7.5200,4.7880,0.0500,192
1245,7.1400,5.0516,0.0500,154
1246,9.8000,5.1444,0.0500,425
1247,7.6600,5.1644,0.0500,206
1248,2.8000,5.2324,0.0500,600
1249,6.2500,5.4888,0.0500,600
1250,-0.3700,5.5404,0.0500,343
1251,-0.9600,5.6004,0.0500,574
1252,8.9100,6.0608,0.0500,431
1253,-0.4100,5.7440,0.0500,454
1254,3.7000,5.5884,0.0500,600
1255,2.2600,5.3732,0.0500,486
1256,7.7700,5.3860,0.0500,222
1257,5.2500,5.1928,0.0500,600
1258,7.7100,5.5372,0.0500,211
1259,10.3500,5.8372,0.0500,475
1260,7.2600,5.8412,0.0500,166
1261,6.8500,5.8832,0.0500,600
1262,7.7600,5.8956,0.0500,216
1263,1.3000,5.8396,0.0500,520
1264,7.5700,5.7372,0.0500,197
1265,8.1100,5.8536,0.0500,251
1266,8.4700,5.8952,0.0500,372
1267,7.4300,5.9064,0.0500,183
1268,8.3400,5.9388,0.0500,504
1269,0.3500,5.6520,0.0500,415
1270,-0.0900,5.3628,0.0500,251
1271,1.5800,5.0340,0.0500,593
1272,9.2400,5.0972,0.0500,464
1273,7.2900,5.2768,0.0500,169
1274,9.0000,5.3868,0.0500,370
1275,-0.0600,5.3992,0.0500,464
1276,4.8500,5.6316,0.0500,600
1277,-0.1900,5.2676,0.0500,451
1278,7.8000,5.5960,0.0500,600
1279,2.9000,5.5640,0.0500,600
1280,7.4100,5.7700,0.0500,326
1281,7.2000,5.7472,0.0500,360
1282,1.2500,5.5872,0.0500,600
1283,7.6600,5.5852,0.0500,206
1284,7.7800,5.4824,0.0500,218
1285,7.4700,5.4908,0.0500,387
1286,6.2000,5.4648,0.0500,600
1287,8.3300,5.4876,0.0500,273
1288,-1.3400,5.3820,0.0500,246
1289,5.8400,5.3128,0.0500,224
1290,-3.2800,4.8572,0.0500,172
1291,-2.5500,4.4164,0.0500,245
1292,5.0500,4.3212,0.0500,600
1293,1.3900,4.0432,0.0500,519
1294,5.9400,4.2668,0.0500,234
1295,7.4900,4.5700,0.0500,189
1296,-2.4700,4.4080,0.0500,253
1297,1.2100,4.0868,0.0500,381
1298,0.2600,3.8056,0.0500,286
1299,-3.2000,3.3176,0.0500,180
1300,-1.2700,3.2692,0.0500,398
1301,-2.7400,2.9656,0.0500,226
1302,7.6700,3.2800,0.0500,207
1303,0.0600,2.9704,0.0500,266
1304,7.2500,3.1444,0.0500,265
1305,0.3000,2.8600,0.0500,290
1306,7.5900,2.8756,0.0500,199
1307,-0.5800,2.8024,0.0500,427
1308,7.0800,2.7792,0.0500,348
1309,5.9000,2.7040,0.0500,230
1310,1.5100,2.4656,0.0500,411
1311,0.4400,2.2352,0.0500,304
1312,0.5500,1.9240,0.0500,315
1313,0.1000,1.9816,0.0500,270
1314,7.5800,2.0512,0.0500,198
1315,-0.4500,2.1644,0.0500,335
1316,-1.0500,2.2244,0.0500,395
1317,-0.3200,2.0096,0.0500,228
1318,0.6000,1.9780,0.0500,320
1319,0.3800,1.7556,0.0500,298
1320,6.5300,1.7172,0.0500,293
1321,-2.0300,1.7348,0.0500,322
1322,-2.5700,1.5836,0.0500,243
1323,8.3300,1.9064,0.0500,273
1324,-1.6400,1.9688,0.0500,351
1325,0.1200,2.0244,0.0500,272
1326,7.3400,2.4276,0.0500,174
1327,-0.6700,2.0940,0.0500,313
1328,-0.2700,2.0808,0.0500,368
1329,7.7600,2.1012,0.0500,216
1330,-0.7700,2.0584,0.0500,363
1331,0.4400,1.7724,0.0500,304
1332,-0.5800,1.7724,0.0500,332
1333,1.2500,1.5392,0.0500,385
1334,1.0700,1.3460,0.0500,397
1335,-0.0300,1.2844,0.0500,377
1336,7.7100,1.5752,0.0500,211
1337,7.6100,1.8576,0.0500,201
1338,1.0400,1.8952,0.0500,364
1339,-1.0700,1.5492,0.0500,393
1340,7.0000,1.8472,0.0500,340
1341,7.8600,2.2036,0.0500,226
1342,-1.4100,2.1600,0.0500,359
1343,6.4700,2.3948,0.0500,187
1344,-0.1800,2.3724,0.0500,242
1345,-0.2300,2.1020,0.0500,357
1346,0.9100,2.2196,0.0500,351
1347,6.2800,2.5736,0.0500,168
1348,-1.6000,2.1764,0.0500,340
1349,6.2500,2.4920,0.0500,270
1350,8.2800,2.8184,0.0500,383
1351,8.4000,2.8608,0.0500,600
1352,3.9000,3.0436,0.0500,600
1353,5.1500,3.2604,0.0500,600
1354,4.5500,3.1320,0.0500,600
1355,3.2500,3.2928,0.0500,600
1356,3.5500,3.4172,0.0500,600
1357,10.2500,3.8504,0.0500,465
1358,7.6600,4.1068,0.0500,306
1359,1.4500,4.1220,0.0500,600
1360,0.6800,4.1504,0.0500,368
1361,0.1200,3.8468,0.0500,422
1362,7.6000,3.8464,0.0500,200
1363,0.4500,3.8228,0.0500,310
1364,-2.3900,3.7700,0.0500,261
1365,0.8400,3.5236,0.0500,479
1366,6.7200,3.4780,0.0500,312
1367,-1.2700,3.4836,0.0500,328
1368,-1.4800,3.1656,0.0500,352
1369,8.2000,3.5008,0.0500,265
1370,7.3600,3.8044,0.0500,276
1371,0.5800,3.7912,0.0500,318
1372,6.7200,3.8088,0.0500,312
1373,-0.5700,3.8500,0.0500,373
1374,1.5200,3.6608,0.0500,412
1375,-1.7800,3.2584,0.0500,492
1376,7.5200,3.2232,0.0500,292
1377,0.1900,3.0748,0.0500,279
1378,7.6800,3.1760,0.0500,208
1379,0.6000,3.0180,0.0500,320
1380,5.6700,3.1148,0.0500,422
1381,-0.5600,2.9504,0.0500,324
1382,-0.9000,2.5044,0.0500,290
1383,-1.3000,2.1460,0.0500,250
1384,-0.2600,2.0776,0.0500,234
1385,-1.1200,2.0056,0.0500,268
1386,-0.8800,1.9656,0.0500,327
1387,-0.4300,1.6444,0.0500,362
1388,-4.0500,1.4644,0.0500,365
1389,0.9100,1.5964,0.0500,351
1390,7.5400,1.8644,0.0500,194
1391,7.7000,1.9036,0.0500,210
1392,7.5300,2.2556,0.0500,193
1393,-0.8000,2.2828,0.0500,300
1394,-1.9000,1.8788,0.0500,425
1395,5.9000,1.8204,0.0500,330
1396,7.8500,2.1112,0.0500,225
1397,-2.0900,1.7588,0.0500,291
1398,7.8900,2.0972,0.0500,229
1399,7.8600,2.3508,0.0500,226
1400,7.6800,2.7292,0.0500,208
1401,7.5300,2.7296,0.0500,193
1402,-0.6500,2.6960,0.0500,315
1403,-1.6400,2.3232,0.0500,371
1404,7.7200,2.6080,0.0500,212
1405,7.6800,2.6884,0.0500,208
1406,3.9300,2.8680,0.0500,333
1407,7.7500,3.2140,0.0500,215
1408,0.6800,3.2932,0.0500,328
1409,8.2800,3.6348,0.0500,268
1410,2.4500,3.7776,0.0500,600
1411,6.6000,4.0768,0.0500,600
1412,8.3400,4.4276,0.0500,274
1413,6.7900,4.8612,0.0500,219
1414,2.0700,4.9076,0.0500,557
1415,3.4000,4.7420,0.0500,600
1416,-0.5300,4.4128,0.0500,357
1417,-1.3400,4.0580,0.0500,591
1418,7.2600,4.3804,0.0500,166
1419,0.0600,4.4588,0.0500,481
1420,0.9900,4.2624,0.0500,374
1421,7.5700,4.2512,0.0500,197
1422,-0.2000,4.3268,0.0500,475
1423,7.1200,4.2960,0.0500,152
1424,7.0000,4.2616,0.0500,140
1425,6.9800,4.2336,0.0500,138
1426,4.9100,4.1288,0.0500,431
1427,7.2000,4.4428,0.0500,160
1428,6.4000,4.7644,0.0500,600
1429,7.3400,4.7492,0.0500,174
1430,7.4000,4.7380,0.0500,180
1431,7.6100,4.8852,0.0500,301
1432,7.1800,4.8624,0.0500,158
1433,9.2900,5.2068,0.0500,369
1434,7.7100,5.1840,0.0500,211
1435,-0.2600,5.0756,0.0500,434
1436,-1.3500,4.7576,0.0500,410
1437,-0.5400,4.4024,0.0500,326
1438,-1.5900,4.0672,0.0500,221
1439,-1.2900,3.9328,0.0500,251
1440,-1.4900,3.7372,0.0500,231
1441,-0.2800,3.7472,0.0500,232
1442,-0.4500,3.7828,0.0500,215
1443,8.2400,3.8220,0.0500,364
1444,-2.2400,3.7300,0.0500,276
1445,-0.8800,3.6552,0.0500,297
1446,0.6500,3.3784,0.0500,330
1447,-1.2900,3.3348,0.0500,251
1448,-2.5400,2.9484,0.0500,251
1449,6.0600,2.9108,0.0500,246
1450,6.1800,2.8788,0.0500,263
1451,-0.1500,2.6764,0.0500,245
1452,7.1800,2.6756,0.0500,258
1453,0.1800,2.4268,0.0500,278
1454,-2.7500,2.0232,0.0500,225
1455,0.0100,1.7276,0.0500,261
1456,0.1800,1.4304,0.0500,278
1457,-0.0000,1.1432,0.0500,260
1458,-1.9000,0.6956,0.0500,190
1459,7.8400,0.7008,0.0500,224
1460,-0.9800,0.6720,0.0500,282
1461,-1.2000,0.6780,0.0500,260
1462,-0.1600,0.6932,0.0500,244
1463,0.0100,0.7572,0.0500,261
1464,-0.6500,0.7828,0.0500,195
1465,-1.5200,0.7816,0.0500,228
1466,-2.5900,0.6892,0.0500,241
1467,-2.4300,0.6100,0.0500,322
1468,0.6200,0.3052,0.0500,322
1469,0.0100,0.3952,0.0500,261
1470,0.0200,0.4312,0.0500,262
1471,-0.6000,0.3812,0.0500,200
1472,-1.5600,0.3704,0.0500,224
1473,-0.3600,0.4576,0.0500,224
1474,-1.5200,0.1544,0.0500,228
1475,-1.3600,-0.1472,0.0500,244
1476,-0.9900,-0.1808,0.0500,161
1477,-2.0500,-0.5500,0.0500,175
1478,7.3800,-0.2620,0.0500,298
1479,-0.4700,-0.1708,0.0500,213
1480,-2.0900,-0.2548,0.0500,171
1481,-0.7000,-0.2900,0.0500,190
1482,-0.5300,-0.3112,0.0500,207
1483,7.0900,0.0484,0.0500,149
1484,-2.0100,-0.3456,0.0500,179
1485,0.0300,-0.3052,0.0500,263
1486,5.1700,-0.0504,0.0500,157
1487,-0.0000,-0.0440,0.0500,260
1488,-2.2100,-0.1328,0.0500,279
1489,7.6800,0.2004,0.0500,208
1490,7.6400,0.5668,0.0500,209
1491,7.3800,0.9656,0.0500,178
1492,7.0300,1.3440,0.0500,143
1493,7.0700,1.6020,0.0500,147
1494,0.0200,1.6024,0.0500,262
1495,7.0200,1.8824,0.0500,142
1496,0.3800,1.9216,0.0500,298
1497,7.3100,2.2764,0.0500,171
1498,7.0200,2.5716,0.0500,142
1499,7.0400,2.9140,0.0500,144
1500,7.1400,3.2540,0.0500,154
1501,7.0200,3.5744,0.0500,142
1502,7.2100,3.9448,0.0500,161
1503,7.0200,3.9304,0.0500,142
1504,7.1700,4.2360,0.0500,157
1505,7.0200,4.6004,0.0500,142
1506,7.1600,4.9148,0.0500,156
1507,7.2600,5.2264,0.0500,166
1508,4.6500,5.1288,0.0500,600
1509,1.0600,5.2516,0.0500,366
1510,-1.0000,5.2104,0.0500,280
1511,0.1500,5.0096,0.0500,395
1512,0.3100,5.0220,0.0500,291
1513,4.1500,5.2764,0.0500,600
1514,7.1600,5.2556,0.0500,156
1515,7.0200,5.2308,0.0500,142
1516,7.1600,5.2220,0.0500,156
1517,7.0300,5.2220,0.0500,143
1518,7.0700,5.2220,0.0500,147
1519,7.4000,5.5172,0.0500,185
1520,6.4000,5.4924,0.0500,600
1521,7.2500,5.7672,0.0500,165
1522,7.0200,5.7556,0.0500,142
1523,7.1600,5.7612,0.0500,156
1524,7.0200,5.7604,0.0500,142
1525,6.4000,5.7308,0.0500,600
1526,7.1600,5.7364,0.0500,156
1527,7.0100,5.7284,0.0500,141
1528,1.1100,5.4920,0.0500,461
1529,7.0200,5.4860,0.0500,142
1530,0.9200,5.2420,0.0500,352
1531,7.0200,5.2364,0.0500,142
1532,-0.0000,4.9460,0.0500,260
1533,7.0400,5.0416,0.0500,144
1534,7.0600,5.2816,0.0500,146
1535,7.3700,5.6164,0.0500,177
1536,7.3900,5.9060,0.0500,184
1537,9.3700,6.2684,0.0500,377
1538,6.2000,6.3504,0.0500,600
1539,7.3800,6.3592,0.0500,178
1540,5.7400,6.3080,0.0500,514
1541,7.0400,6.3032,0.0500,144
1542,7.0300,6.3032,0.0500,143
1543,7.0300,6.3016,0.0500,143
1544,7.0200,6.2864,0.0500,142
1545,7.0200,6.3112,0.0500,142
1546,7.0300,6.3024,0.0500,143
1547,7.3300,6.3148,0.0500,173
1548,7.6000,6.3324,0.0500,210
1549,5.2000,6.2596,0.0500,600
1550,8.4000,6.3396,0.0500,600
1551,7.0000,6.3332,0.0500,600
1552,7.4000,6.3488,0.0500,600
1553,7.2000,6.5924,0.0500,600
1554,8.7200,6.6604,0.0500,412
1555,7.5300,6.9248,0.0500,198
1556,7.3900,6.9396,0.0500,179
1557,7.4700,7.2384,0.0500,197
1558,7.6900,7.2644,0.0500,209
1559,7.0300,7.2632,0.0500,143
1560,7.0200,7.2492,0.0500,142
1561,7.4000,7.2496,0.0500,600
1562,7.0100,7.1552,0.0500,141
1563,7.0200,7.1880,0.0500,142
1564,7.7500,7.2028,0.0500,315
1565,10.2000,7.3812,0.0500,460
1566,7.1600,7.3860,0.0500,156
1567,7.1600,7.3912,0.0500,156
1568,7.0200,7.3908,0.0500,142
1569,7.1700,7.3968,0.0500,157
1570,7.4000,7.4120,0.0500,600
1571,7.0200,7.4116,0.0500,142
1572,8.1300,7.4436,0.0500,353
1573,9.0300,7.5008,0.0500,343
1574,7.8200,7.6056,0.0500,227
1575,7.3700,7.5644,0.0500,177
1576,7.5200,7.5852,0.0500,192
1577,7.0400,7.5708,0.0500,144
1578,7.0100,7.5632,0.0500,141
1579,7.0300,7.4956,0.0500,143
1580,6.8300,7.4676,0.0500,223
1581,7.1700,7.4588,0.0500,157
1582,7.1700,7.4468,0.0500,157
1583,7.1700,7.4260,0.0500,157
1584,7.0500,7.4268,0.0500,245
1585,7.8300,7.4592,0.0500,223
1586,7.0300,7.4444,0.0500,143
1587,7.4000,7.4600,0.0500,600
1588,7.0300,7.4604,0.0500,143
1589,7.0300,7.4316,0.0500,143
1590,7.3500,7.3176,0.0500,175
1591,7.4000,7.3272,0.0500,600
1592,7.0200,7.3216,0.0500,142
1593,7.0300,7.3220,0.0500,143
1594,7.0500,7.3172,0.0500,145
1595,7.1500,7.3072,0.0500,155
1596,7.1500,7.3124,0.0500,155
1597,7.1600,7.2736,0.0500,156
1598,7.0100,7.1928,0.0500,141
1599,7.0200,7.1608,0.0500,142
1600,7.1600,7.1524,0.0500,156
1601,8.0500,7.1736,0.0500,600
1602,7.0200,7.1728,0.0500,142
1603,7.0300,7.1736,0.0500,143
1604,7.0400,7.1740,0.0500,144
1605,7.0400,7.1824,0.0500,144
1606,7.0200,7.1764,0.0500,142
1607,-0.2600,6.8792,0.0500,514
1608,7.0300,6.8736,0.0500,143
1609,7.3400,6.8852,0.0500,174
1610,7.4400,6.8696,0.0500,199
1611,6.6300,6.8536,0.0500,303
1612,-1.4400,6.5000,0.0500,236
1613,0.2800,6.2300,0.0500,288
1614,1.1000,5.9928,0.0500,490
1615,7.0300,5.9800,0.0500,143
1616,8.4400,6.0216,0.0500,294
1617,7.3800,6.0360,0.0500,178
1618,7.5100,6.0552,0.0500,416
1619,7.0500,6.0552,0.0500,145
1620,8.9700,6.1280,0.0500,337
1621,7.0300,6.1232,0.0500,143
1622,7.0500,6.1188,0.0500,145
1623,7.1600,6.1248,0.0500,156
1624,1.1700,5.8908,0.0500,377
1625,7.7800,5.9156,0.0500,338
1626,7.5300,5.8948,0.0500,193
1627,6.8600,5.8884,0.0500,386
1628,7.4900,5.9068,0.0500,189
1629,7.1300,5.9104,0.0500,153
1630,7.0200,5.9096,0.0500,142
1631,0.5800,5.6520,0.0500,353
1632,7.0300,5.9436,0.0500,143
1633,7.0300,5.9436,0.0500,143
1634,7.1500,5.9360,0.0500,155
1635,7.0300,5.9196,0.0500,143
1636,7.2300,5.9436,0.0500,163
1637,7.2400,6.2908,0.0500,164
1638,7.3200,6.5724,0.0500,172
1639,7.3900,6.8240,0.0500,179
1640,-0.7100,6.5144,0.0500,309
1641,7.4000,6.4728,0.0500,180
1642,7.5000,6.4776,0.0500,190
1643,7.5200,6.4780,0.0500,192
1644,7.0200,6.4768,0.0500,142
1645,7.0200,6.3988,0.0500,142
1646,7.0200,6.3984,0.0500,142
1647,7.0100,6.3968,0.0500,141
1648,7.0300,6.3916,0.0500,143
1649,2.5100,6.4452,0.0500,511
1650,7.2000,6.4220,0.0500,600
1651,7.5100,6.4212,0.0500,191
1652,7.2700,6.4376,0.0500,167
1653,7.2800,6.4292,0.0500,168
1654,-2.0800,6.0608,0.0500,442
1655,7.2400,6.0696,0.0500,164
1656,7.0200,6.3272,0.0500,142
1657,7.1500,6.3320,0.0500,155
1658,7.0200,6.3316,0.0500,142
1659,7.0400,6.3272,0.0500,144
1660,7.8400,6.3596,0.0500,224
1661,7.4800,6.3696,0.0500,188
1662,7.3300,6.3732,0.0500,173
1663,7.9700,6.3992,0.0500,237
1664,-1.6400,6.0380,0.0500,336
1665,3.3000,6.1984,0.0500,600
1666,7.3600,6.1968,0.0500,176
1667,7.1300,6.1820,0.0500,153
1668,7.0400,6.1628,0.0500,144
1669,7.2400,6.1716,0.0500,164
1670,7.0300,6.1720,0.0500,143
1671,7.2500,6.1812,0.0500,165
1672,0.1500,5.9068,0.0500,275
1673,0.1700,5.6324,0.0500,277
1674,1.2200,5.5808,0.0500,392
1675,-0.2400,5.2832,0.0500,236
1676,-1.4000,4.9268,0.0500,240
1677,-1.7400,4.5664,0.0500,326
1678,-1.4800,4.2160,0.0500,232
1679,0.4200,4.3160,0.0500,302
1680,7.4700,4.3252,0.0500,197
1681,0.1800,4.0516,0.0500,278
1682,7.0200,4.0464,0.0500,142
1683,7.0200,4.0464,0.0500,142
1684,7.4500,4.0628,0.0500,185
1685,-0.1600,3.7428,0.0500,244
1686,0.5300,3.4648,0.0500,313
1687,-1.3700,3.1168,0.0500,388
1688,7.0500,3.0800,0.0500,145
1689,6.4800,3.4048,0.0500,188
1690,6.0500,3.5148,0.0500,245
1691,-0.1700,3.2136,0.0500,243
1692,-0.7700,2.8976,0.0500,183
1693,7.1800,2.9032,0.0500,158
1694,7.0500,2.8956,0.0500,145
1695,7.0600,2.8968,0.0500,146
1696,7.1700,2.8936,0.0500,157
1697,7.2100,3.1760,0.0500,161
1698,7.3100,3.4616,0.0500,171
1699,7.1900,3.7004,0.0500,259
1700,7.5200,4.0108,0.0500,192
1701,-0.9600,4.0284,0.0500,399
1702,7.4200,4.3948,0.0500,182
1703,-0.3400,4.4404,0.0500,226
1704,7.2600,4.7140,0.0500,166
1705,-1.1800,4.3680,0.0500,262
1706,-1.9200,4.2840,0.0500,188
1707,7.1500,4.2892,0.0500,255
1708,-2.0100,3.9280,0.0500,179
1709,7.0500,3.9120,0.0500,145
1710,7.0300,4.1996,0.0500,143
1711,7.0400,4.4600,0.0500,144
1712,7.1600,4.8012,0.0500,156
1713,7.4100,4.8156,0.0500,186
1714,-0.9700,4.5176,0.0500,283
1715,7.3100,4.5680,0.0500,171
1716,7.0600,4.8572,0.0500,146
1717,-0.5200,4.8672,0.0500,208
1718,7.1700,4.8668,0.0500,157
1719,-1.1100,4.5404,0.0500,579
1720,-0.6200,4.2332,0.0500,318
1721,1.5000,4.0064,0.0500,430
1722,1.3400,3.7716,0.0500,394
1723,7.0600,3.7616,0.0500,146
1724,7.9100,3.7904,0.0500,331
1725,7.9900,3.8092,0.0500,239
1726,7.4200,4.1444,0.0500,182
1727,7.5200,4.1484,0.0500,192
1728,9.4200,4.5388,0.0500,382
1729,0.9000,4.2844,0.0500,350
1730,-1.2100,4.2832,0.0500,259
1731,-0.5900,4.3364,0.0500,201
1732,0.9200,4.0872,0.0500,352
1733,6.5100,4.4280,0.0500,291
1734,0.6600,4.1724,0.0500,326
1735,-0.0600,3.8888,0.0500,254
1736,-0.6500,3.5812,0.0500,390
1737,0.4500,3.3128,0.0500,305
1738,7.1600,3.3028,0.0500,156
1739,-0.3600,3.3272,0.0500,224
1740,-0.4500,3.0168,0.0500,215
1741,-0.3500,2.7204,0.0500,300
1742,7.5000,3.0412,0.0500,190
1743,7.0400,3.0360,0.0500,144
1744,7.0400,3.3620,0.0500,144
1745,7.0700,3.6696,0.0500,147
1746,7.3000,3.9016,0.0500,170
1747,-1.0100,3.8076,0.0500,404
1748,7.6000,3.8292,0.0500,200
1749,0.2500,3.5228,0.0500,405
1750,0.4500,3.2212,0.0500,365
1751,7.0500,3.2064,0.0500,145
1752,5.1600,3.1120,0.0500,156
1753,-2.1700,2.6484,0.0500,163
1754,1.4700,2.6712,0.0500,482
1755,0.2200,2.7284,0.0500,282
1756,0.6400,2.7776,0.0500,324
1757,-2.0300,2.6596,0.0500,177
1758,-2.0300,2.3180,0.0500,177
1759,-2.5900,2.1880,0.0500,241
1760,-3.4100,2.0540,0.0500,159
1761,-2.8100,1.9676,0.0500,234
1762,-1.7500,1.8796,0.0500,205
1763,-0.1800,1.5860,0.0500,247
1764,6.3700,1.8552,0.0500,177
1765,-0.6500,1.8472,0.0500,195
1766,-1.5100,1.8008,0.0500,229
1767,-0.5000,1.4808,0.0500,210
1768,5.8700,1.4340,0.0500,227
1769,5.8000,1.3844,0.0500,220
1770,7.3100,1.3940,0.0500,171
1771,7.5400,1.4036,0.0500,194
1772,-0.9300,1.4068,0.0500,287
1773,-1.9200,1.0260,0.0500,308
1774,6.8300,1.2892,0.0500,323
1775,0.0100,1.2716,0.0500,321
1776,-0.7800,0.9584,0.0500,302
1777,-0.0400,0.7504,0.0500,256
1778,1.8200,0.9100,0.0500,467
1779,-0.1100,0.8468,0.0500,249
1780,0.2600,0.8484,0.0500,286
1781,-0.4900,0.8032,0.0500,351
1782,0.7700,0.9152,0.0500,337
1783,1.4300,1.0536,0.0500,428
1784,-1.7100,1.0888,0.0500,489
1785,-1.0000,1.1852,0.0500,280
1786,-1.5000,1.2376,0.0500,230
1787,-2.9500,1.1896,0.0500,205
1788,0.8100,1.2292,0.0500,341
1789,-2.4100,0.8780,0.0500,259
1790,-0.2200,0.8952,0.0500,238
1791,0.3100,0.9680,0.0500,291
1792,-1.2400,0.9384,0.0500,256
1793,7.3000,0.9956,0.0500,170
1794,0.3000,0.7756,0.0500,290
1795,0.5900,0.5068,0.0500,359
1796,-0.7800,0.1740,0.0500,302
1797,7.7200,0.5200,0.0500,212
1798,-0.8300,0.5636,0.0500,377
1799,8.2500,0.6204,0.0500,350
1800,-2.3900,0.5244,0.0500,261
1801,-0.7700,0.5248,0.0500,303
1802,-1.5300,0.4652,0.0500,347
1803,0.0900,0.3960,0.0500,269
1804,-1.4600,0.3420,0.0500,234
1805,5.9200,0.5684,0.0500,232
1806,-1.2600,0.5376,0.0500,254
1807,-1.4300,0.4496,0.0500,237
1808,-2.3300,0.2992,0.0500,267
1809,7.2100,0.6560,0.0500,161
1810,-1.1700,0.6492,0.0500,263
1811,-0.9600,0.6708,0.0500,284
1812,6.1800,1.0360,0.0500,258
1813,-0.2300,0.9944,0.0500,237
1814,7.2800,1.3820,0.0500,168
1815,-1.7300,1.3216,0.0500,207
1816,7.4300,1.6064,0.0500,183
1817,7.5000,1.9560,0.0500,190
1818,7.6200,1.9688,0.0500,202
1819,1.6500,2.0228,0.0500,470
1820,0.1800,2.0064,0.0500,278
1821,7.5200,2.3384,0.0500,192
1822,8.1600,2.3560,0.0500,256
1823,-0.4300,2.3720,0.0500,337
1824,6.6600,2.3084,0.0500,206
1825,-0.0900,2.4004,0.0500,251
1826,5.8700,2.6660,0.0500,227
1827,-1.4300,2.6700,0.0500,237
1828,-2.3000,2.5744,0.0500,270
1829,0.4200,2.6496,0.0500,302
1830,-2.4900,2.3132,0.0500,251
1831,7.2700,2.6544,0.0500,167
1832,8.0200,3.0324,0.0500,267
1833,7.0200,3.4064,0.0500,142
1834,7.7900,3.4296,0.0500,219
1835,7.0300,3.7576,0.0500,143
1836,0.4400,3.8136,0.0500,304
1837,-0.5200,3.5456,0.0500,343
1838,7.0200,3.8356,0.0500,142
1839,7.0100,3.8248,0.0500,141
1840,6.4400,4.1516,0.0500,284
1841,7.2200,4.1432,0.0500,162
1842,0.6500,3.8692,0.0500,325
1843,7.2300,3.8536,0.0500,263
1844,7.1700,4.0744,0.0500,157
1845,7.4100,4.3636,0.0500,281
1846,6.9500,4.3408,0.0500,135
1847,7.1800,4.3016,0.0500,158
1848,-0.9000,4.2828,0.0500,290
1849,2.1100,4.1008,0.0500,471
1850,0.4900,4.1240,0.0500,429
1851,7.1300,4.1744,0.0500,153
1852,1.1900,4.2792,0.0500,379
1853,7.0500,4.6532,0.0500,600
1854,7.7200,4.9452,0.0500,212
1855,0.8400,5.0784,0.0500,344
1856,7.1800,5.0748,0.0500,158
1857,7.3900,5.0496,0.0500,179
1858,7.1900,5.0564,0.0500,159
1859,7.1900,5.0324,0.0500,159
1860,-2.2300,4.6620,0.0500,277
1861,7.1800,4.9316,0.0500,158
1862,-1.0300,4.9112,0.0500,277
1863,7.2000,4.9184,0.0500,160
1864,7.5300,4.9392,0.0500,193
1865,7.1400,4.9672,0.0500,254
1866,8.1200,5.0032,0.0500,252
1867,3.5500,5.1192,0.0500,295
1868,7.0900,5.1136,0.0500,149
1869,0.4100,4.8432,0.0500,436
1870,7.7800,4.8580,0.0500,218
1871,-0.4800,4.5608,0.0500,592
1872,-0.3700,4.2588,0.0500,343
1873,7.2500,4.5848,0.0500,165
1874,7.2500,4.7904,0.0500,365
1875,7.5300,5.0720,0.0500,193
1876,7.0600,5.0692,0.0500,146
1877,1.2200,5.0704,0.0500,382
1878,7.0200,5.0692,0.0500,302
1879,6.4000,5.0164,0.0500,600
1880,8.1000,5.3068,0.0500,450
1881,-0.1900,5.0120,0.0500,361
1882,7.4700,5.0152,0.0500,287
1883,0.1200,4.7324,0.0500,272
1884,7.0900,4.7284,0.0500,449
1885,10.2900,5.2292,0.0500,594
1886,-1.3100,4.8896,0.0500,559
1887,7.4000,5.2268,0.0500,380
1888,-0.9200,4.9020,0.0500,288
1889,8.4000,4.9368,0.0500,380
1890,0.1800,4.6584,0.0500,433
1891,7.4400,4.6312,0.0500,354
1892,-0.6500,4.4632,0.0500,375
1893,6.9200,4.4564,0.0500,232
1894,4.5800,4.6232,0.0500,398
1895,-0.8900,4.2764,0.0500,386
1896,-2.4500,4.1976,0.0500,255
1897,-2.4600,4.1140,0.0500,254
1898,-0.9500,3.7860,0.0500,385
1899,0.0700,3.4988,0.0500,267
1900,-2.6500,3.0916,0.0500,235
1901,-1.9400,2.7316,0.0500,186
1902,-1.6900,2.6152,0.0500,211
1903,-1.5700,2.2716,0.0500,223
1904,-3.0000,1.8956,0.0500,200
1905,-3.4000,1.4356,0.0500,160
1906,-0.7600,1.4128,0.0500,304
1907,-1.6200,1.0492,0.0500,218
1908,-1.1000,1.0004,0.0500,270
1909,0.8100,0.7492,0.0500,341
1910,-3.0800,0.2144,0.0500,192
1911,-0.2400,0.2572,0.0500,236
1912,-1.8300,-0.1120,0.0500,322
1913,0.3700,-0.0604,0.0500,297
1914,-0.3100,-0.4088,0.0500,424
1915,-2.7500,-0.5260,0.0500,225
1916,-0.9000,-0.8596,0.0500,460
1917,5.2000,-0.6256,0.0500,160
1918,6.0400,-0.6608,0.0500,144
1919,-0.3500,-0.8580,0.0500,225
1920,0.0100,-0.8220,0.0500,261
1921,-2.0000,-0.8040,0.0500,300
1922,7.5200,-0.4048,0.0500,267
1923,1.6200,-0.3020,0.0500,422
1924,0.2000,-0.2968,0.0500,280
1925,2.3300,-0.0976,0.0500,493
1926,7.7300,0.2892,0.0500,213
1927,11.2800,0.8080,0.0500,568
1928,5.5100,1.0912,0.0500,191
1929,2.0400,1.2928,0.0500,584
1930,8.1600,1.7552,0.0500,256
1931,6.2000,2.0336,0.0500,600
1932,6.2000,2.3464,0.0500,600
1933,8.2200,2.7192,0.0500,262
1934,2.3600,2.7812,0.0500,496
1935,7.4300,3.2016,0.0500,183
1936,0.7900,3.2428,0.0500,459
1937,3.1000,3.4400,0.0500,600
1938,7.4000,3.7212,0.0500,600
1939,7.0500,4.0156,0.0500,600
1940,-2.2200,4.0368,0.0500,278
1941,7.3100,4.3652,0.0500,171
1942,6.9500,4.4352,0.0500,600
1943,9.2600,4.5640,0.0500,366
1944,7.6400,4.8836,0.0500,204
1945,3.0500,5.0052,0.0500,600
1946,1.1800,5.1324,0.0500,438
1947,11.3700,5.2864,0.0500,577
1948,8.1200,5.5464,0.0500,252
1949,7.4800,5.8376,0.0500,188
1950,-1.0200,5.7036,0.0500,398
1951,6.8900,5.6700,0.0500,229
1952,0.4600,5.2372,0.0500,306
1953,2.4300,5.1140,0.0500,503
1954,2.8900,5.1480,0.0500,549
1955,-0.3000,4.8096,0.0500,350
1956,7.5900,4.8652,0.0500,399
1957,8.4000,4.9532,0.0500,600
1958,9.5300,5.0056,0.0500,493
1959,7.2000,5.1992,0.0500,600
1960,-1.7700,4.8312,0.0500,323
1961,-1.4800,4.7404,0.0500,352
1962,1.8900,4.6920,0.0500,449
1963,-0.4000,4.3800,0.0500,220
1964,-1.7600,4.0276,0.0500,204
1965,-1.9200,4.0396,0.0500,188
1966,-0.2400,3.7376,0.0500,236
1967,1.5400,3.5212,0.0500,484
1968,-0.2100,3.1424,0.0500,379
1969,-1.3900,2.7812,0.0500,241
1970,7.9800,2.9784,0.0500,453
1971,7.5200,3.2320,0.0500,192
1972,-0.5000,2.7572,0.0500,375
1973,7.5700,2.7352,0.0500,197
1974,7.5600,2.7384,0.0500,196
1975,0.4900,2.7988,0.0500,459
1976,8.1900,2.8508,0.0500,259
1977,8.1600,3.1588,0.0500,256
1978,8.8000,3.4136,0.0500,320
1979,7.6300,3.6032,0.0500,203
1980,7.5300,3.9164,0.0500,193
1981,10.0600,4.0152,0.0500,446
1982,7.5100,3.9796,0.0500,191
1983,7.8800,3.9136,0.0500,228
1984,7.3500,3.9196,0.0500,275
1985,8.0700,4.3132,0.0500,247
1986,6.8000,4.6444,0.0500,600
1987,7.8200,4.8816,0.0500,222
1988,8.9100,5.2540,0.0500,331
1989,7.2700,5.6152,0.0500,167
1990,7.5200,5.9928,0.0500,192
1991,-1.4400,5.9448,0.0500,481
1992,0.3100,5.8956,0.0500,496
1993,-1.3900,5.8484,0.0500,241
1994,8.2700,6.2348,0.0500,267
1995,5.4500,6.1336,0.0500,185
1996,6.4400,6.0904,0.0500,184
1997,9.4200,6.4872,0.0500,587
1998,-0.3400,6.1708,0.0500,391
1999,6.5500,6.1304,0.0500,600
2000,8.2500,6.4408,0.0500,265
